{
    "test": {
        "data": {
            "equipment": {

            },
            "inventory": {
                "gold": 1000,
                "items": []
            },
            "position": {
                "x": 2743.24169921875,
                "y": 3494.25512695313
            },
            "server": "",
            "stats": {
                "energy": 100,
                "experience": 10,
                "hp": 81,
                "level": 1
            }
        },
        "password": "test"
    },
    "test2": {
        "data": {
            "equipment": {

            },
            "inventory": {
                "gold": 1000,
                "items": []
            },
            "position": {
                "x": 148.076110839844,
                "y": 139.923980712891
            },
            "server": "",
            "stats": {
                "energy": 100,
                "experience": 0,
                "hp": 100,
                "level": 1
            }
        },
        "password": "test2"
    }
}